execution_id,execution_hash,timestamp
0,05c04f8cce8da79c5c7564f9f6fe4d06e4070c634771deaf8ef4c83e1e420f73,1779465713.6160142
1,8473cbb0c4c2fa12c0e8ce614aeffce51dd151b900e7826080cd60c4d97404af,1779465713.6160307
2,f7e83665ade231d6744cb4388acd44d0c7d4170df92efbe3aef94d829b8aea2e,1779465713.6160414
3,a5ff3046da07260806d2c205ee3820a1ff2b4159ec2f467325ba60fee52373d3,1779465713.6160502
4,3e4a2d6f410c658055a64e9d74e34241a27280c157afbfe2e95219485ac80c2e,1779465713.6160576
5,4cfe6d96487d4b7102d63379a49959699427ee3248bfc3b2e26b9cf8d0a00472,1779465713.6160748
6,88bff8b280301ee3f78a488d51521fa5fd982a1a416688095e1ce094b4cd257f,1779465713.616082
7,9dfeb0103fd7359d518ec04e0918be55239adcd29e6a35c1de937a99da34b695,1779465713.616089
8,009da495df36dd4914d20006f9af7617e072941a8dab3375a4f17e9182dd4f39,1779465713.6160958
9,78d3e71f80be9f9f69e4fbb7f012a16221ef92be47fee1cdec9fa7f3df1d02ff,1779465713.616103
10,ecca4d81507a1e632e6939fefba5ecd0b3a09c84662557dd8081debf52ee4e15,1779465713.61611
11,6c7cbc64284bfaafa847a0c117548782eac1533c721ddf1df358d1608284bdf5,1779465713.6161168
12,79ea7f924083e960aef58b8f89d385146f43183eb710af8a32f416c1f95ffa01,1779465713.616124
13,1c6586eef0d9767ee1aa62248333db4681b654ff8c56bbf2049bfaf4c424f647,1779465713.6161318
14,8796d0732d85c4fec05381aa957d657ccdff497181b157a9cec63e9fd452235b,1779465713.6161387
15,e294de19c6bb4cb035f62b73dfb8cc5087fb1058b220fa44b4e94f665468a054,1779465713.6161458
16,ae5bd4c65d0aa5e37fe2f6692ce1590e1ec645ac3fe6fc2cb0a800dd29a6b23f,1779465713.6161525
17,5a3e9fc4b5afe02fd55e6adf976170a07e8c2b6ac18b93b34b950e2befdd0eea,1779465713.6161594
18,75a93a68273a199ceefd6cc0fa661bcc274d33bab729bcdae2b70be41c3cddd1,1779465713.6161685
19,845cd8186a61b2bc6efef9eb050034ec7d0eeecb0dea1d00c90f2e2d471331e7,1779465713.6161773
