Simulation,Mean,Std
1,0.35618451982012694,0.05503315673401905
2,0.3543654136665614,0.054377591955760425
3,0.35601682540475493,0.05521978293673791
4,0.3558099986436252,0.05487541303088677
5,0.3559181551714013,0.054931911164504535
6,0.3563245539344736,0.0554835736476915
7,0.3561461108221597,0.05554764294651683
8,0.3556281181251146,0.05468972057765933
9,0.3566747158120768,0.055228649153512305
10,0.35550696094345424,0.054977313172563956
11,0.3557383176227404,0.0552768462857824
12,0.3562886064238485,0.05542566916237309
13,0.35517107537240244,0.05495754909512642
14,0.3553390838428956,0.05530135042006296
15,0.356174292025393,0.05538102275898847
16,0.35674111769299444,0.05520782479699235
17,0.3564579970851322,0.05537267956459857
18,0.3567379565566802,0.05563038975622672
19,0.357097697770479,0.0556388544325598
20,0.3552558847035837,0.054843221928351255
21,0.3568584224746673,0.05508998399355286
22,0.3556647439640287,0.05527262312665602
23,0.3565799128230814,0.05518450188667772
24,0.3554484683164489,0.05512445185724436
25,0.35607708084304435,0.054970026526008756
26,0.35645903503368215,0.05552790921847599
27,0.3555801967621163,0.05500992722128255
28,0.35598722251764653,0.05533370850046646
29,0.3567243368431273,0.05502335088193027
30,0.35602737165161547,0.055556485635855433
31,0.3558138411103284,0.05453468338430009
32,0.35614248247197183,0.055462626405946146
33,0.35666775572760084,0.0548868847244952
34,0.35579448759775806,0.054856340318914044
35,0.3558063139797715,0.05550465105954893
36,0.3558881171021186,0.0556754850299917
37,0.35653249887890187,0.05446266721956619
38,0.35533023637701006,0.05560211232511822
39,0.3556394725761578,0.05535645721903871
40,0.3556925069539309,0.055308110189076824
41,0.355858168936843,0.055425296953418204
42,0.35641115340791785,0.05516843508693709
43,0.3557089066932468,0.05489148735851715
44,0.3552373081692388,0.05477237677441187
45,0.3555580991843532,0.05520415430079919
46,0.35615255304144106,0.05486663053695549
47,0.35697619174101186,0.05593419201147007
48,0.35567147615772676,0.05477525422981822
49,0.35538984004486646,0.05487100089929881
50,0.3555815262883301,0.055439735089509265
51,0.35567141888709536,0.05474684372686035
52,0.35664769651131184,0.056075421996433464
53,0.3554434222658662,0.05453037211266288
54,0.3544819205234494,0.055551815192043885
55,0.3550050425227879,0.05501816235995073
56,0.35682290255650806,0.05494664167668632
57,0.35662473698050395,0.055654014668480335
58,0.3557585793905807,0.05591924638104703
59,0.3558270728109916,0.05600603598023682
60,0.35686034508861303,0.05542804130424387
61,0.35594913014464,0.05515314309463296
62,0.35466998532905863,0.05472249913354602
63,0.3553798241906024,0.05574044868516283
64,0.35544823600945546,0.05551386487208817
65,0.35535892815294123,0.05500754990691638
66,0.35615027191883575,0.05609416817503493
67,0.3560467005921067,0.05578471209480411
68,0.35608040462517077,0.05575054487304052
69,0.3557939817475473,0.05433748213570147
70,0.35633870851589644,0.05536353114294543
71,0.3572913290434958,0.05600609129347098
72,0.3555581067372157,0.055447919963667824
73,0.35549473655118896,0.055333190886267404
74,0.35564325936790064,0.05538805617296907
75,0.35563175957524623,0.055236742220974334
76,0.35640910707134815,0.054773312992342095
77,0.3555366505249314,0.054979159174471465
78,0.35681501243837915,0.055343008499314526
79,0.3559628652089402,0.055174777819512834
80,0.35560988804029076,0.055097258578115996
81,0.3550908229903087,0.05476450836197153
82,0.35574246251957825,0.0554409061708011
83,0.3559548622898747,0.05447929285908981
84,0.35662971530070264,0.05560201840698981
85,0.35489361616743126,0.0549004644197654
86,0.3562473033684087,0.05619943913571411
87,0.3561166672631932,0.05546207025358762
88,0.35638477867987656,0.055784388393431625
89,0.35581783189127614,0.05463144759057088
90,0.35658648934454806,0.056128639014684824
91,0.35533660857819277,0.05515787811315976
92,0.3558923986994868,0.05588286502989149
93,0.35693256440873156,0.055350881003805724
94,0.356870898762932,0.05568825875717212
95,0.3552204433071632,0.05481125444280558
96,0.35487501236858593,0.05560623654462257
97,0.35470137033981625,0.05440109449928289
98,0.35626419966537554,0.05505390703511052
99,0.35461600963546,0.05519596069003141
100,0.35736242023733666,0.05543614364982742
101,0.35623169979233804,0.0559226812544755
102,0.35579543374753314,0.0556949749633082
103,0.3564003150497247,0.05499987222107435
104,0.35546166654150213,0.05510368072696557
105,0.3562686443055499,0.055331349113114346
106,0.3571851571954724,0.05496704097269068
107,0.3573320533215924,0.05583256191104639
108,0.35626435312029486,0.05484690604440916
109,0.3560729557767166,0.05502310719582807
110,0.3564321896443416,0.05604845519801934
111,0.35647154985944157,0.056134821672666424
112,0.3549644933603972,0.0548910190754809
113,0.35516425284903086,0.05513914243184477
114,0.35549575354437174,0.05562580841487713
115,0.3544174639734469,0.05430884648646974
116,0.35554743506635966,0.05528391218880977
117,0.3565424918045064,0.05508668461900102
118,0.3556369340248835,0.05515026683866517
119,0.35580805662394693,0.055630599354851214
120,0.3556462630833116,0.0549034143815141
121,0.35572089580328076,0.055850237839243186
122,0.3565170131418496,0.055399788121375255
123,0.3559322991313492,0.05470669261864275
124,0.35727826309688604,0.055558163334318185
125,0.35700870640614263,0.054281574030468974
126,0.3565646327908445,0.05519460156553808
127,0.3555277201297653,0.055286192819222146
128,0.35563857012529054,0.05501677150709625
129,0.3562287233315341,0.05539586918244964
130,0.3570402137818409,0.05558660095407595
131,0.3569986108642839,0.055332291618142924
132,0.35631173876261324,0.05517730958101487
133,0.3575088611764503,0.055473268889232014
134,0.3566675887533806,0.055265786616041694
135,0.3558545914063631,0.05507775671789827
136,0.3561171981235238,0.055269422611041466
137,0.35537447706699893,0.0552975038804907
138,0.35558570195934414,0.05557902595875479
139,0.35659695605669073,0.05471017345098934
140,0.35493632988596374,0.05520955000963345
141,0.35538828424249513,0.05541099320391558
142,0.3559469524947154,0.05520849542330131
143,0.3563862540791924,0.05543933121065461
144,0.35482163006943146,0.05492094692454044
145,0.35530105019751324,0.05499947911238658
146,0.3550982195848786,0.055495819144547126
147,0.35561415529618995,0.05473008891181027
148,0.35533190743547155,0.05504566728701958
149,0.35650951546662535,0.05528008167679159
150,0.35622273857434344,0.05522795113089722
151,0.3559109012209625,0.055570923452922215
152,0.356302666071613,0.05551670281714839
153,0.3555179659526743,0.05551899898106959
154,0.3562419456374233,0.05600967690728623
155,0.3561633580541807,0.05534687225968781
156,0.354950632307942,0.05520822439870029
157,0.3557216341340873,0.05502500348614312
158,0.3561505726829927,0.05561576615059174
159,0.3571481375834399,0.055129974896289305
160,0.3557239191786069,0.055902991369637674
161,0.35612330593364827,0.0550079370207039
162,0.3552074202965687,0.055144057240888854
163,0.35489766759816155,0.054413636785946275
164,0.3548806418351606,0.05533719421258301
165,0.356143298863747,0.055002471237472324
166,0.3555543462353242,0.05501894265893048
167,0.35579469407219516,0.0551472601028944
168,0.3563008637177795,0.05510600742151609
169,0.3559272801011835,0.05510715281781192
170,0.35685489780700014,0.055429753406219494
171,0.35600086506132506,0.055684135698967775
172,0.3558938554091374,0.0551213610796239
173,0.3565354806921413,0.0553740220847085
174,0.3555521859265202,0.05574174005918776
175,0.35614960592654715,0.055700099286655085
176,0.3562439375379417,0.055641187161868035
177,0.3558766591468719,0.055782553782656424
178,0.35653119617089835,0.05470075251986209
179,0.35615402397217394,0.055908563678700826
180,0.35569911515914227,0.05478137581263919
181,0.3545091228917165,0.05551297412479959
182,0.3559050305642432,0.05575931444386547
183,0.35603035877482836,0.05470915907255003
184,0.3557514826109227,0.055329413502063364
185,0.35584451874661904,0.05534376683914709
186,0.35707656993401193,0.05512191752936946
187,0.35570719812599666,0.05525883313434817
188,0.3567022645981266,0.05519578545680743
189,0.3553125549171121,0.05533442272424697
190,0.35632628934686905,0.05539256071369
191,0.35692202735067896,0.05595497699750187
192,0.35553900899814084,0.055879552953593675
193,0.35604545899994144,0.05551746934731429
194,0.355841354269519,0.05506116674133519
195,0.3554071467556934,0.055939542722965724
196,0.35655176730014376,0.05516329292261095
197,0.3544918146553446,0.05473191641203565
198,0.35727606601139755,0.055867661351278325
199,0.35651422326427346,0.05535048023573995
200,0.35586369570550813,0.054626292134904934
201,0.35598524090169054,0.05618392389672119
202,0.3543607319465421,0.0545521546151374
203,0.3567489747696391,0.054657808849098766
204,0.3550047507282372,0.05540581014196439
205,0.35576840805420024,0.05552914318932154
206,0.3556226092261662,0.05569112209379679
207,0.3557277021708723,0.05425721595288959
208,0.3557181336999803,0.055108204738484524
209,0.3561688113197821,0.055092162342737616
210,0.35598197086034267,0.05532201630293692
211,0.3562917716108793,0.05525770140899431
212,0.35571929403618946,0.05575641451842969
213,0.3556186577559133,0.05552532541602716
214,0.35574683005520424,0.05523906933185168
215,0.3559263665112146,0.05495550364327144
216,0.3550037442110751,0.05533001959453206
217,0.3553373003279501,0.05528404756532139
218,0.3556204613959359,0.05594282729477155
219,0.3554637506781164,0.05519912640821844
220,0.3570702087201831,0.0554178818385206
221,0.3567011159694912,0.05521563823682479
222,0.35640187878737395,0.05519859735046442
223,0.35779102648194533,0.05524610963966962
224,0.3560685865694823,0.05545623681948694
225,0.3547549982482769,0.05523953834191302
226,0.3569592356263148,0.05471452460981612
227,0.3544106808737336,0.0554115824789099
228,0.3550393120412236,0.054781042370654696
229,0.3562382033394529,0.055194110008128225
230,0.356008471922417,0.0555512584752067
231,0.3550855263280411,0.05543931771855773
232,0.3544712269232524,0.055520812785249264
233,0.3546959059373041,0.05493645818866954
234,0.3564893183692553,0.05478771430773236
235,0.3562240584031604,0.05570475568226564
236,0.3561126521985941,0.055255082128084144
237,0.35611551331986985,0.05537112347594685
238,0.35535606561573346,0.0553429413660657
239,0.3569700099837281,0.056026174319936055
240,0.35679139581964864,0.05548370632822873
241,0.35467177601781275,0.05515252853254119
242,0.3551629729391872,0.05588116374984004
243,0.356114529218529,0.05615805234312512
244,0.35578370389560376,0.054777695810252394
245,0.3569870925611464,0.05474494311350834
246,0.35554950928502094,0.05558482127681224
247,0.3558847409229481,0.05559191050336852
248,0.35588284061432834,0.055182153809026975
249,0.3547100624975754,0.054921892461904244
250,0.35749650521847026,0.05552325460388608
251,0.35675258220350636,0.055881384795590364
252,0.35543962785941297,0.05553679697102601
253,0.35559985552744355,0.054900673158186544
254,0.35519349712990017,0.054801754062156385
255,0.35600373540717667,0.05526339809920798
256,0.3556931423863263,0.055456354994499094
257,0.35624866271460376,0.055507766697448974
258,0.3558390606161135,0.05497108369733553
259,0.35556340503613987,0.0552569868889234
260,0.3562081546085549,0.0552610922645877
261,0.35511654370985024,0.05478459854637825
262,0.3563754841639714,0.055479200994038844
263,0.35744761976648015,0.055327295688596734
264,0.35520286687207997,0.055624646817688646
265,0.35601108938203224,0.05533755173812191
266,0.356107487782644,0.054970499076635704
267,0.35665257063060796,0.055322834218278084
268,0.35501709816709653,0.05541014229601024
269,0.3563647398841246,0.054833447543203254
270,0.35546271413130026,0.05502341848153637
271,0.3563681663307022,0.05541643956588516
272,0.35590124910350013,0.05559285744943609
273,0.35553098595043164,0.054777743171154775
274,0.3558245916835775,0.054225848899119126
275,0.3548731294842961,0.05553115868072239
276,0.3565850474238466,0.05528921174996046
277,0.35536793650008724,0.05520410646212445
278,0.3557554629884932,0.055395308452754415
279,0.3547266347403436,0.05489737414942288
280,0.355532880321467,0.05535160604006569
281,0.3547855667624989,0.055228722344440026
282,0.35577861463542715,0.05606503856102394
283,0.35652466585140385,0.05484607028484568
284,0.3570049520935493,0.05539099510749837
285,0.35613073009031987,0.05489369209703593
286,0.3552137121535218,0.05554727355431908
287,0.35727433562333405,0.05542430411724599
288,0.3557649041473163,0.05561170248846683
289,0.3551975630820954,0.05550126511752139
290,0.35562235848050067,0.055270107862284874
291,0.35528227067000645,0.055046762812688124
292,0.3564659943956671,0.05483313751682414
293,0.3570933910323822,0.05553186338211846
294,0.3566312714639074,0.054974330309902154
295,0.35568595705887357,0.05479923243308011
296,0.356208426816901,0.05504888030609163
297,0.35563964506833284,0.05542110195273846
298,0.3551789405638505,0.05478915737568194
299,0.3550822672813068,0.05531737534105105
300,0.3561867337977624,0.055064714433449645
301,0.3568400795899225,0.05456730635708114
302,0.3566856058213009,0.055785735352783763
303,0.35631987410495325,0.05550674067055356
304,0.35685299530037357,0.05513977649570516
305,0.35589988983372417,0.05467005692220266
306,0.3560036112184204,0.05507715327661625
307,0.35631690988391096,0.05561257031833357
308,0.3554314363420724,0.0544472373601674
309,0.3558261036239883,0.05594423604021964
310,0.35680639178377577,0.055321938581820426
311,0.35585428779461226,0.05547049034902553
312,0.3554519227969375,0.05531698281350793
313,0.35619971499982167,0.05490112762345839
314,0.35500892134768747,0.055511021879886886
315,0.3553635087626685,0.05497473481806271
316,0.35477157634896783,0.05471442207883876
317,0.35579610640379933,0.05557124984163034
318,0.35636733054416886,0.05563431483147534
319,0.3557640724924961,0.05505951886351222
320,0.3551347429890858,0.05609055698887095
321,0.3550542930434378,0.054937501667991544
322,0.3559804059504929,0.05522420988454476
323,0.35574873188857803,0.05472504224910291
324,0.356459125017072,0.055313785609983776
325,0.35541152616684013,0.05535199996290684
326,0.35629191111825026,0.05544465043768924
327,0.356050389674064,0.05573294339036547
328,0.3543880592765473,0.05425987032212696
329,0.35539694089265866,0.0549025095110132
330,0.35626523769672913,0.05506053903106664
331,0.35609830396615705,0.05482000138987035
332,0.35725225277678735,0.05629074913700243
333,0.3571030241660791,0.055479869059054304
334,0.3558644244467109,0.055409519692400155
335,0.3551835119805791,0.0558576021645604
336,0.35616957701294355,0.05516722459030435
337,0.35672545224049823,0.0556600476114013
338,0.3558500210522799,0.05522109648940129
339,0.3555837136190608,0.05495584340172363
340,0.35578423453583946,0.05568778578243604
341,0.35565309154534813,0.05485056984473734
342,0.35630755958151916,0.055292194684985654
343,0.3560045589449471,0.05474172017786664
344,0.3552817616074065,0.055209868343196015
345,0.35533230150494666,0.05547918057799675
346,0.35730306415556934,0.05555490616135863
347,0.3557782044974833,0.05493239981836022
348,0.3550937307755378,0.05488593381864895
349,0.3551666267609659,0.05531324847665477
350,0.3551346246645804,0.05517200687303918
351,0.35553959476113467,0.05542458208160723
352,0.35527736435449847,0.055433313165832866
353,0.357484353134478,0.055612567554594365
354,0.3550046438722022,0.055756284113078265
355,0.35508585514584506,0.055803403576789694
356,0.3563201759092536,0.05562620133664162
357,0.3567992436134688,0.055219246676379556
358,0.35699129957058107,0.054900326479129145
359,0.35708161153044926,0.05551741071336749
360,0.35527041788059566,0.0551097477109469
361,0.35570580701911514,0.05547578533981397
362,0.3552906156848132,0.0555345411776836
363,0.3554125062019215,0.05550601401460328
364,0.3565693243516889,0.05489195386242521
365,0.3567868778276454,0.05529633211388924
366,0.3569988567752439,0.05482259147861691
367,0.35618752073896187,0.055167182038114417
368,0.35632261387752207,0.05535649082901347
369,0.35664389902212473,0.055627383547557245
370,0.3552182302130607,0.054403706883159826
371,0.357408983012776,0.05572194534550426
372,0.3552697533239525,0.054962496948281724
373,0.35712764203762315,0.055984405986758246
374,0.3560673515321504,0.05541918805339698
375,0.3566136592806231,0.05508341526906473
376,0.35723941341899196,0.05507221305464892
377,0.35568471478688085,0.05506069217933057
378,0.3547323424453164,0.054795961645580545
379,0.35693986621576407,0.05538793816145791
380,0.3559731603119503,0.055664317961166616
381,0.35634838957447906,0.05487444498975064
382,0.35621548795975294,0.0556418187297016
383,0.35605917908693874,0.0554347484004196
384,0.3557618824948096,0.055112946928816575
385,0.35471520994575917,0.055047923524705236
386,0.356778511310867,0.05580956211927466
387,0.35650156823189555,0.05552573341258802
388,0.3554778691406047,0.0554554181361943
389,0.3564741839454747,0.055091018459150654
390,0.354926619627189,0.054564589356515515
391,0.3557837703967935,0.05504437064382701
392,0.3558675611558332,0.05562685306202521
393,0.35634187054390676,0.05513782768312327
394,0.3563082480173369,0.055375292705688264
395,0.35641106415732327,0.05579312031145697
396,0.35542823367853155,0.05455457193582766
397,0.3551554785624524,0.055034513947141386
398,0.35594836246901895,0.055345285811982184
399,0.3569997868622454,0.05568597411070513
400,0.3560994176345295,0.055638074507653006
401,0.3562412145766092,0.05492092493347758
402,0.3543488041476992,0.055140597992622824
403,0.35461766744080847,0.05477280756811299
404,0.3563965658113048,0.05524600547857117
405,0.35646275826939355,0.05547809970857967
406,0.3567887392856385,0.05511853838141087
407,0.3563291157408235,0.055195598328306346
408,0.35550990830916995,0.0552154835175462
409,0.3556821898479177,0.05453767584676721
410,0.3568411476163255,0.05578018877323059
411,0.35571697802101493,0.055478139340708145
412,0.35589662882598144,0.05545053260072985
413,0.35485594316993124,0.05567126624042095
414,0.3555709275327948,0.055599895045373424
415,0.35605421932439413,0.055515742725350925
416,0.3563915218370647,0.055491652754119165
417,0.35729429037869515,0.055998120453038036
418,0.3561600293446994,0.05585958630557638
419,0.35637764414868855,0.056447849441699414
420,0.35520112835165996,0.05597971159088577
421,0.3566120451513013,0.055938915549302595
422,0.3553605340348545,0.055399412180244335
423,0.3567694971486953,0.0557632742784833
424,0.35500576233226966,0.05569601754926977
425,0.35517491971660275,0.055055169667327805
426,0.3557977421914211,0.05577385323962687
427,0.35667199694722534,0.05604121854816306
428,0.3565758888555934,0.054748919895280794
429,0.35685966295662136,0.055773152302272706
430,0.3575260629031452,0.055079244185123624
431,0.354579528987325,0.055466694817447856
432,0.3551268820791223,0.05535515991855849
433,0.3559964771893793,0.05561271238131531
434,0.35604036609101103,0.05542496712862859
435,0.3567006399504968,0.055276407009729515
436,0.35441656592583776,0.05460886229095443
437,0.3555797151218141,0.055287224503921234
438,0.35553851756523064,0.055562283673672185
439,0.3578598274714022,0.0562854450335587
440,0.3563319730636347,0.055209337508772605
441,0.3556238396951827,0.05523890124790463
442,0.3562920017183852,0.055032369009368934
443,0.35634164884561614,0.05505539361334911
444,0.35650146757761164,0.05513945900114227
445,0.3558835744879872,0.05593201452837535
446,0.35718906156200897,0.05561271351603041
447,0.3577654192285903,0.055338739552896234
448,0.3560402975350686,0.05521995774995506
449,0.355040220035342,0.05582419277764884
450,0.355288703742151,0.055861241930553064
451,0.35580897566833747,0.055432511954128426
452,0.3571170921344027,0.05552703264149121
453,0.3560753061181014,0.05506528172861928
454,0.35630108850800163,0.05581237691410823
455,0.3549535251445377,0.05538053205375514
456,0.35542293716827866,0.05527127631735493
457,0.3567050908578377,0.05539660751497261
458,0.3559750144014342,0.05487803074270239
459,0.3548277455808358,0.05535452615932053
460,0.35728682390352967,0.05581012035271987
461,0.35624488450969494,0.05513158854900237
462,0.3573172144425317,0.05579681120735354
463,0.3559264962598516,0.055737995452271566
464,0.35552951162908,0.0557953480096121
465,0.3554494951668526,0.05527376840679018
466,0.3556037340732314,0.05511918461545635
467,0.3567548361176865,0.05559734982956485
468,0.35543017708114755,0.05545886900242751
469,0.35699760121704716,0.056404201519988165
470,0.3556097533119304,0.056027015363685345
471,0.35645003694477834,0.0555067970844809
472,0.3568552168032239,0.05532257712857474
473,0.3566467343142068,0.05515616866542948
474,0.3561074469938242,0.05548036022416752
475,0.3549067847697847,0.05542972396448763
476,0.35584848009278747,0.05574879480036019
477,0.3543006348658162,0.054724696738277574
478,0.35520908333609663,0.055117329976192043
479,0.356828844643387,0.055687170537864296
480,0.35450858151535053,0.05512269821137915
481,0.3554873902564254,0.055413128897748465
482,0.35650306198874004,0.05537114324492838
483,0.35563572265946997,0.05599675071897167
484,0.3561931645499852,0.05584247307723871
485,0.3560939212176484,0.05544192726720745
486,0.35543386396264925,0.054593244336964594
487,0.35677218659049875,0.05574987484103583
488,0.35672867753373194,0.05510423844720605
489,0.3558686684765222,0.05533239747180274
490,0.35579017055740064,0.055209997425199726
491,0.3556865831123872,0.05517208346937877
492,0.35650672368934566,0.05593489397363117
493,0.35675030598148694,0.05521913023030065
494,0.35639081297428393,0.05512609656293529
495,0.3559177433199182,0.055323462368579754
496,0.3560339230418483,0.05592739136211938
497,0.3555060241249683,0.05536779342616558
498,0.35625615457786,0.05501503948309106
499,0.3561555410661484,0.05444622686244356
500,0.3569244697357893,0.05569102266671945
501,0.35537385422361395,0.05446539627795195
502,0.3564830427431471,0.05520167088193971
503,0.35595445479339144,0.055272244555609126
504,0.3568607908732121,0.05650257804657716
505,0.35639373885106773,0.055209603332598986
506,0.3550602421696139,0.055113048034121315
507,0.35593283692747313,0.05493176514177929
508,0.3553399762004949,0.05545709522927794
509,0.35618867926089803,0.055620893969805386
510,0.35578489879921116,0.05516560875183117
511,0.35599378698627154,0.054896422250261145
512,0.3555902821095339,0.05527271279529762
513,0.356644330250645,0.05517598968922446
514,0.3550715980086575,0.05594129057804362
515,0.3551216087322606,0.055477594564297794
516,0.3560361416515221,0.054694228370263054
517,0.35618255817451955,0.05494178281000099
518,0.35533744112543986,0.054910788917152384
519,0.357059238434622,0.05506996354752886
520,0.356110197182351,0.056066337709445364
521,0.3557078719585951,0.055324401558764384
522,0.35499654426871136,0.056157402614994745
523,0.3549232560689513,0.05483642621437632
524,0.35546332624215826,0.05546830097271838
525,0.3555693143007374,0.055409757942465346
526,0.3551409615310891,0.055344075488705166
527,0.3552756236811509,0.0547190490256425
528,0.35635097688973155,0.05544670626517801
529,0.3561146483005295,0.05542825047189954
530,0.35663374875497333,0.05561043206446248
531,0.3567373961843055,0.05600316181904222
532,0.3559777247227879,0.05541241094695637
533,0.35584863286996526,0.054887858549988726
534,0.35623189509840536,0.05492059973116761
535,0.35555545389045384,0.054338239186134625
536,0.3567264604138007,0.055571784966375715
537,0.3546691209788908,0.054954205032021315
538,0.3559922553102415,0.05543493780073128
539,0.3544092437509437,0.05516414233571567
540,0.3568531598021671,0.05636439986110068
541,0.35613714085465054,0.05517095400262146
542,0.35539237306299054,0.055116492086304515
543,0.3554449635914976,0.054568123107192196
544,0.35597494463318224,0.05544491176063913
545,0.3566970785517399,0.05547431690161674
546,0.3558962672618723,0.054744640182412166
547,0.356030667561511,0.05544608225343713
548,0.3555336986617795,0.05545926350267636
549,0.35695308568965,0.054958712834835215
550,0.35718916963490316,0.05584067795943786
551,0.3559091399213769,0.05537716344018357
552,0.3570308832039837,0.05503757690325604
553,0.3554577977559871,0.054956439482581054
554,0.3562901759837896,0.055416506177793486
555,0.3562405411471238,0.05524067801098544
556,0.357215887278239,0.05592069942052387
557,0.35571382304598853,0.05468705868661637
558,0.3552475051896658,0.05533221991978626
559,0.3559873826891587,0.05456785520779628
560,0.3557356123634752,0.055209081648591944
561,0.3552197251810132,0.05555493443122533
562,0.356485439625324,0.05527678783249228
563,0.3559839255794276,0.05561030255471438
564,0.3557739590199135,0.055087321194977376
565,0.3565470718296868,0.05559571198705684
566,0.3567201432193444,0.0557850657626501
567,0.35537448199853355,0.055103981929090814
568,0.35596199044815235,0.05524061854786918
569,0.35620707892635217,0.05557432715277887
570,0.35576807880932426,0.05521297742053339
571,0.35578795017204673,0.055103985894402255
572,0.3564255339106897,0.05549056167354336
573,0.3556085101982786,0.05489963908912494
574,0.3559636429481182,0.05580395970727718
575,0.356143621771194,0.055124405266326844
576,0.3572366753661232,0.05509244558528595
577,0.3554706732927882,0.055144937081857595
578,0.35682205358767943,0.055225881898569605
579,0.35565698419609976,0.055273382557078615
580,0.35536172849427855,0.05466290115529389
581,0.3556779505430101,0.05560281630944167
582,0.3568765396353758,0.055408111820191404
583,0.355918934271602,0.05546149169590009
584,0.35551278021453264,0.054816977561727605
585,0.3564504278014899,0.05523361368037593
586,0.35575907203074797,0.0558057660824156
587,0.3553747289725759,0.055392700540400734
588,0.35590753418390314,0.055519556355373194
589,0.35630621691688097,0.05538662221438853
590,0.3560446688861331,0.05536654766285485
591,0.35709098114171695,0.05640287988308241
592,0.35556888849710167,0.05564281549282225
593,0.35569004548022987,0.055391636083544596
594,0.3557246716535638,0.05566931695348575
595,0.35495827282413633,0.055160692567216243
596,0.3559460746862295,0.055437764940912806
597,0.3551024874293645,0.05445403403459976
598,0.35574389018017993,0.055380388165743914
599,0.35640158843174047,0.05509406476092725
600,0.3567117390405461,0.05580782668767296
601,0.3559977513023667,0.05516236436106884
602,0.3555549651156846,0.05533992109281512
603,0.3557330771829537,0.05540521296251334
604,0.3548831659776236,0.054834098622120506
605,0.35667076695860433,0.055644816122835915
606,0.3556913346497287,0.05530315017322482
607,0.356023929386402,0.05548095665118087
608,0.3549230480192693,0.05579275288871643
609,0.354685442008276,0.054248336405980806
610,0.35595555488091285,0.05460048036064655
611,0.35606287683690063,0.055721329904442965
612,0.35521579586060137,0.05559292580320399
613,0.3559830030952983,0.05524158952835486
614,0.35465674465089897,0.05526070932008571
615,0.35512047230776667,0.05532344670987287
616,0.356634170647696,0.05550369972365985
617,0.35543839869060967,0.05511986227973825
618,0.35491795904909024,0.05510768713440272
619,0.3569005504448097,0.055291287639558886
620,0.3567335146448056,0.055045551332748806
621,0.3557625025426264,0.05474947772311078
622,0.3552443280434131,0.0547843889100384
623,0.3561820036291179,0.05540962055404955
624,0.3558349880772304,0.05531383976376948
625,0.356326095627313,0.05540574898340651
626,0.35523906862971333,0.05498056604666572
627,0.35508565198346387,0.05535223075849775
628,0.3553044653569983,0.0555511213408214
629,0.35544577424633944,0.05502329076339832
630,0.3563662066933422,0.054815742382624655
631,0.3560554344737532,0.055352664907459624
632,0.35729296610618355,0.0549500799402186
633,0.3553101033854153,0.05541830357561565
634,0.35606675220948625,0.05574703567016465
635,0.3562346886477887,0.05495791213189917
636,0.35631076078926815,0.05503974104894366
637,0.35694935650023896,0.05558526183809443
638,0.356247287888249,0.05530449942044705
639,0.35650242635291457,0.055359716574102026
640,0.3561410295495879,0.05539573498073796
641,0.3566992481341308,0.055321178544232824
642,0.35565839635171786,0.05587073550214
643,0.3560435535251933,0.05532768349357305
644,0.35500857024217625,0.05568489759702438
645,0.3546865577856607,0.05524949545834281
646,0.3562483731005411,0.05490800721763691
647,0.35613829786501594,0.05508852370297448
648,0.35570984879794193,0.055556871950869016
649,0.35621178726060254,0.055220344318568274
650,0.356055647049518,0.055201411907054763
651,0.3561377054157536,0.05545879279556886
652,0.3570683616664979,0.05519768738529861
653,0.3557547500147746,0.055262611080613436
654,0.35545286160573425,0.05495692700698796
655,0.35607917847381676,0.05606678829754335
656,0.3568180648654265,0.05529849765162716
657,0.35659765401126825,0.055600250646979536
658,0.35716586596367206,0.054922382096605764
659,0.35585318538139404,0.054974322720022444
660,0.3555521298501345,0.05536725696544215
661,0.356470520116171,0.05636847085771635
662,0.35631433055235084,0.0557468670651274
663,0.3563166386055318,0.055687932430195375
664,0.3556702000023162,0.05537759777851717
665,0.35717174692261844,0.0557643466666416
666,0.35673902098825616,0.055473596772522345
667,0.355792581695177,0.05569193686030672
668,0.35587203118197674,0.055478078994677694
669,0.3554102243639443,0.05482348598531119
670,0.35593480290115403,0.0547878918370573
671,0.3554878172314474,0.055459688368747505
672,0.3557468549949351,0.054748684399123844
673,0.3553401559120284,0.055243640803201294
674,0.3559787044811881,0.0556998368329976
675,0.3556722475940741,0.05513511930040839
676,0.3563308013150906,0.05506010459611668
677,0.3564540380788576,0.055072460869794906
678,0.35537517997045204,0.0557070077735869
679,0.35646839858224405,0.05539213512837919
680,0.3557756394156872,0.05569057680640283
681,0.35601709569434664,0.05511702635586971
682,0.35606679008511716,0.055390658670370144
683,0.35647057546904454,0.05519178686533933
684,0.3561038704549579,0.055677883085199296
685,0.3540422321667195,0.054726997540147725
686,0.35721207196098004,0.055614689073848006
687,0.35633536577944047,0.05500587750152461
688,0.3555280549065007,0.0552872343364337
689,0.35622148741549464,0.054488467456462054
690,0.35580802366981096,0.05515410832966806
691,0.35495558124457144,0.05462741264879303
692,0.3553413876419862,0.05529288171592684
693,0.35575601303981597,0.055859593925585156
694,0.35709513705364965,0.0551356729776235
695,0.3567979971876459,0.05540936301219236
696,0.3559281647060476,0.055067573543022684
697,0.35614820448467654,0.05515287048611263
698,0.35634443168578256,0.055338730761051114
699,0.3568819866452125,0.05533188703161286
700,0.355966926068913,0.05594621391386239
701,0.3549227654821664,0.05422104881568871
702,0.35536260483017523,0.05581676868339395
703,0.3568965929872444,0.055624317019228695
704,0.3570310085462357,0.05558854321171862
705,0.35473489852510404,0.054763000565013625
706,0.35461130567182214,0.05516819568379318
707,0.3572487884678345,0.055541673555274444
708,0.35522344668540135,0.05485198293471453
709,0.357257749439479,0.055667842639223294
710,0.35606882705260867,0.055341214654076126
711,0.3572505242867883,0.05521936211549368
712,0.35628491315011657,0.054661577602737176
713,0.35658289093525725,0.05516559992098864
714,0.3566213646827534,0.055517527073749295
715,0.3561652805952126,0.05658757067827006
716,0.3576693245876523,0.05567061617707839
717,0.35531154550224847,0.05555508535067992
718,0.3561546244856821,0.05452291065524301
719,0.35622612933138154,0.055380883788926
720,0.35706196151040964,0.05532438764620959
721,0.355999666168642,0.05537157151321644
722,0.356888479817905,0.055539499268313225
723,0.3559960925703112,0.054981085869096655
724,0.3549830716264621,0.055557867564849664
725,0.35636276368332137,0.05513435312349654
726,0.3562123682686697,0.05539037621678099
727,0.35677669789812066,0.055456109696973434
728,0.3549218763035396,0.05510804138240214
729,0.3560507059133143,0.05575650333620708
730,0.3548716714878099,0.055420845810337745
731,0.3552324581575686,0.05519635379098551
732,0.35556013773792966,0.05574197009922469
733,0.35591681927635793,0.055150941726121935
734,0.3553178758059521,0.05544584676292333
735,0.3558110221742706,0.055480596420820996
736,0.3565993472407153,0.05519165989574187
737,0.35490630746745905,0.05519045360199272
738,0.3553454396407702,0.05565405701668561
739,0.3551884780709367,0.054231387178551915
740,0.3550181243444853,0.05514109075231048
741,0.35579384186162666,0.05523963104533455
742,0.35590446094327,0.05556077885949653
743,0.35604515514869933,0.05560972802940032
744,0.355396720778159,0.05505249624192515
745,0.3563033015566834,0.05536403269040683
746,0.35638010426444683,0.05499919640195538
747,0.35607238119182666,0.055634532104356475
748,0.35478349359778494,0.054794162530462806
749,0.3560086412943344,0.05604127525388477
750,0.3551692965084595,0.05493090436764141
751,0.3553501995264148,0.05501169890407888
752,0.3557754518211743,0.05574520920846262
753,0.35556278364418725,0.05482789768295762
754,0.3563071881201001,0.055535208221253615
755,0.3550533067427967,0.055199906220371256
756,0.35587663592966107,0.054965279016648785
757,0.35546054087605417,0.055327833449475824
758,0.3571110875910484,0.05534526471295541
759,0.35596756498578724,0.05486949728224739
760,0.35540667285795463,0.05465399591529331
761,0.35684367162926306,0.05545648993964141
762,0.355852539923549,0.055525267572931115
763,0.35669638528848824,0.05496150764878932
764,0.3552640207851392,0.05573342098836023
765,0.3566290950010527,0.055149352659889996
766,0.35635003587715847,0.0558936771286175
767,0.3547106990033824,0.055557440407836424
768,0.35596049401084484,0.05511110989092291
769,0.35674242391130506,0.055309788686736104
770,0.3558577202121918,0.05586501520687097
771,0.3551638055708647,0.0550112672889915
772,0.3554247886912681,0.0557119512776194
773,0.3555826092108522,0.05540256368793081
774,0.3562957226726646,0.05570254233594189
775,0.3557418181898001,0.05557179834268955
776,0.3559687760317656,0.0551899152585982
777,0.35667831512225656,0.05536604139457736
778,0.35651113714577853,0.05545034328282332
779,0.35533018317540194,0.05511047755051666
780,0.356440385001089,0.05554874829424063
781,0.3551806501898931,0.05493097938263509
782,0.3558205887134996,0.0554230612240915
783,0.35524471297896676,0.05502907811904746
784,0.35570585099090546,0.055604719052878
785,0.3559769244970204,0.05533544341980424
786,0.3561499715819834,0.055294978417761174
787,0.35635711389992714,0.055045360485163355
788,0.3559869873658367,0.055060874166422344
789,0.357391886875617,0.05524220830403621
790,0.3565440116295476,0.05533667113457404
791,0.35530911853287994,0.05555771456211751
792,0.3559933391580318,0.05505581280737233
793,0.3549893375429934,0.05587690563990388
794,0.3559580517428511,0.055773641694291165
795,0.3556954473206232,0.05647508638834854
796,0.3563149536360405,0.054903061577264996
797,0.3564116917539723,0.055222160204074305
798,0.3565287911931574,0.05513326714123957
799,0.35612270903345433,0.05530617073680858
800,0.35616380196247505,0.05542033816790987
801,0.35468250254068845,0.0547785862190644
802,0.35649703507238545,0.05487446127823393
803,0.35587821131935093,0.055076623927973425
804,0.3561184321069788,0.05525253681244037
805,0.3561386565711598,0.05509247901623801
806,0.3571730945587774,0.05559690145579436
807,0.3553691173544915,0.05501572019645425
808,0.35652297827039475,0.055553459174432794
809,0.35717442450957193,0.055599268075050806
810,0.35520177439588985,0.0551617802468623
811,0.35605065905307476,0.05540515267170587
812,0.3559915091556062,0.05519781105680301
813,0.35616927318771174,0.055464515647497395
814,0.3574351006649167,0.055522323578375804
815,0.3564196683822087,0.055620489754188464
816,0.35487584003384764,0.05582709132558104
817,0.3560594592050338,0.054683854815793485
818,0.3567105627597381,0.05567829696103543
819,0.35582350975062665,0.055732635127032054
820,0.3558963742019152,0.055196441618770534
821,0.3557421402959788,0.055426813970868884
822,0.35567742881907277,0.054375723794329235
823,0.3558970901246509,0.05530657268973114
824,0.35557034843453184,0.05506860020796075
825,0.35535553461909786,0.054881748427650826
826,0.35572181423850013,0.05544608701211765
827,0.3568418311938412,0.05557965537993376
828,0.35594025016610825,0.055036216991414144
829,0.3561529830498342,0.05488944134892299
830,0.35583236968551313,0.05556061935741777
831,0.3563145751731075,0.05567483925508406
832,0.3566210565984333,0.05534701579029395
833,0.3569072829539779,0.05585114747353726
834,0.3559631977933484,0.05489316653589999
835,0.3552907513599369,0.05464332399987082
836,0.3573281419042437,0.05541038175157892
837,0.35628107331757947,0.0558643080183372
838,0.355745449620056,0.05545207804018628
839,0.35641340486471224,0.055285886111073296
840,0.35563272090326004,0.05528959789807856
841,0.35590474920452714,0.05446449640821958
842,0.35540432256584775,0.05536464235440869
843,0.3554886053996602,0.05475948013695304
844,0.35602755019972543,0.05525425888481941
845,0.35542061347722975,0.05551956962133064
846,0.35695938880193284,0.0552365833755609
847,0.35547901792645265,0.05567779878812272
848,0.3562417065510076,0.055367149876644824
849,0.356241746939376,0.055310700457359606
850,0.3556567957674663,0.05540876365709999
851,0.35515589417542726,0.05592466991832292
852,0.35501388649474347,0.054898413026368095
853,0.3558392000627016,0.05495360588526457
854,0.3550197804942588,0.054978846152304334
855,0.3565109487014538,0.055707998959312874
856,0.35725063979616994,0.05555223494202963
857,0.355491211535679,0.0556796291505939
858,0.3564083314384774,0.055292029172713926
859,0.35599560958759335,0.05521305131869206
860,0.3550127291326337,0.05498526924632608
861,0.3559360073568975,0.05573962288996709
862,0.35653976816031874,0.05540747012652396
863,0.355735333964317,0.05623704137083552
864,0.3559888955051067,0.05516029899654865
865,0.3555029483345839,0.05514173363335708
866,0.35577602291380767,0.0547984221586651
867,0.35597821105398064,0.055615552352596256
868,0.35540195539043706,0.05496407335117182
869,0.35572042680537586,0.05497627722673577
870,0.35569249087328386,0.05502445095094038
871,0.3577161621178728,0.055616832650719615
872,0.35510584133889794,0.05553875374581925
873,0.3550253706581653,0.05543993921677556
874,0.3555966495179028,0.055063056274433
875,0.3561840934540967,0.05544366117509484
876,0.35632654085852367,0.05496543638911236
877,0.35561930236405215,0.05601744470484593
878,0.35632545926205117,0.056186183681776664
879,0.3566649365715024,0.05521494655987144
880,0.3558371196982116,0.05553844886870438
881,0.35557641556786956,0.055422617761974755
882,0.35637144513451013,0.054950063518419766
883,0.35598674791160967,0.05442546443975481
884,0.3543493531511022,0.05484766742074454
885,0.3555769838317039,0.05555994801572009
886,0.35696732074178283,0.0549467794599148
887,0.35529695763566704,0.055340087103487735
888,0.3558689545093782,0.05483697899822264
889,0.3557762914762941,0.05490208606811942
890,0.35508287741668493,0.054692639036890735
891,0.35606029968713565,0.05526101473742868
892,0.3557232082464296,0.05527187799854333
893,0.3559457493264996,0.05470940041677766
894,0.357948622380216,0.05576218085132215
895,0.35654263643926604,0.055477371455421406
896,0.35600946538116546,0.05517777815082849
897,0.35665808799040927,0.05526431219382803
898,0.35533374696795184,0.05481092885815149
899,0.35653563050925674,0.05527035867634795
900,0.35519664243386156,0.05556176196331391
901,0.3554534923009799,0.055153801533077904
902,0.35708412859325783,0.05523351491135053
903,0.3546003407280768,0.05493831217160851
904,0.35471997610991196,0.05521495918105382
905,0.35586824716014276,0.05570898472725996
906,0.35635724419075676,0.055162715492706696
907,0.3562603439677754,0.05610899473475609
908,0.35590115410638223,0.05571937429044238
909,0.35665874719589247,0.0554020840688094
910,0.35711667378925166,0.055592907328457355
911,0.3554964993971266,0.05507434719867846
912,0.3579010690396953,0.055221174292518445
913,0.35596363560428096,0.0551703704058323
914,0.3557099423307742,0.05579606587608087
915,0.35576599689916233,0.05497357890556993
916,0.35643947109793017,0.05544735852064036
917,0.3575524458820548,0.05533017542423427
918,0.35527786649788046,0.055050711850933666
919,0.35657341683345295,0.05482812246430888
920,0.35634792628503653,0.05517585495487201
921,0.35601096409953364,0.05571818453005649
922,0.3563935161593424,0.05580507176773022
923,0.3551692801327017,0.05580457227259383
924,0.3558398100682597,0.055761278795900725
925,0.35695306573880287,0.05555382702731594
926,0.3566285083872177,0.055539852959234415
927,0.35630636882903144,0.05561631222243048
928,0.35682587990118436,0.055687252860152525
929,0.35727473123657455,0.05581023419590317
930,0.3563023662326019,0.054780580870869566
931,0.3568667015161113,0.05537401391130722
932,0.35555971837001804,0.055452359242324264
933,0.3568678349837526,0.05522282593317884
934,0.35624911816739974,0.05591758968126921
935,0.3565891446431466,0.055184781281992536
936,0.3565034059928318,0.055536170128748286
937,0.35661054584377205,0.05568159578405643
938,0.35563939348814594,0.05534903688996152
939,0.3553697753349969,0.05589820936716907
940,0.3560339299933459,0.055686440496882816
941,0.355603110556736,0.05528478131124183
942,0.3559354639457014,0.05509504986289674
943,0.35646125656440286,0.05515881078406277
944,0.35647502290232275,0.05505506747755132
945,0.3549898332515235,0.05519521549062498
946,0.3556181554565383,0.05559309085697303
947,0.355192746984104,0.055451590944200664
948,0.35633618372806647,0.05601981948386784
949,0.3551464764050858,0.05539465056660977
950,0.3558340640490428,0.05549662178828492
951,0.3562907865035384,0.05531607419081464
952,0.3556446913191675,0.055066853484836635
953,0.3562916796305853,0.05481566660219698
954,0.356608438745196,0.055919230251349206
955,0.3569688535806308,0.05541306285160434
956,0.35632741240175575,0.05536882313416647
957,0.35517359251815867,0.05530208611968014
958,0.3556098488358384,0.0547372451356445
959,0.355599257364985,0.05542819174925632
960,0.35631671507845764,0.05559309660785211
961,0.3552363168439932,0.055260569394064256
962,0.35494437077957425,0.05515930530743895
963,0.3570483087762066,0.055496256728259044
964,0.35651692510267247,0.05542538725637658
965,0.3551383018279726,0.05524593868418885
966,0.35516994855391854,0.05492388811903059
967,0.3567717464198083,0.0556117383585964
968,0.3557544931364005,0.05527075132783619
969,0.3569393230527105,0.055591884194447695
970,0.3555686410306472,0.055793429805445195
971,0.3552014177966407,0.05574230739221497
972,0.3550839077177557,0.054982476702367444
973,0.35621599854305613,0.05565445794641956
974,0.35638507988978646,0.055873152169949154
975,0.35522225647263805,0.055255903671694924
976,0.3568950329038114,0.05513919740281511
977,0.3564942360113858,0.055563232555727586
978,0.3553365583948233,0.05473670230104913
979,0.3555473018625254,0.054435919925899176
980,0.3561719023183786,0.05602971754426932
981,0.3563161803079297,0.055393505304700025
982,0.3550749611158505,0.05591863682945152
983,0.3552837221043152,0.05547356728214085
984,0.3550114938097578,0.054882158982801736
985,0.3560531623087983,0.054834112565079585
986,0.3563844705663267,0.056154808943866034
987,0.3559929789872534,0.05532428832537177
988,0.35622761466397024,0.05485557252171762
989,0.35675997971535467,0.05514110030145992
990,0.357388365766627,0.05574727347059961
991,0.3551632555052164,0.05499224400770946
992,0.3564427430425906,0.056011224993391055
993,0.3556837660076448,0.054418148540076795
994,0.35639926035200065,0.05539122276988202
995,0.3552225973930652,0.05526286992191957
996,0.3564541610666546,0.05524937558240833
997,0.3564909050275972,0.05572803513909645
998,0.3561059901135578,0.0557917031128182
999,0.35746733733837266,0.05527356307864418
1000,0.3547599618486072,0.055162675834964474
